Day,Hour_0,Hour_1,Hour_2,Hour_3,Hour_4,Hour_5,Hour_6,Hour_7,Hour_8,Hour_9,Hour_10,Hour_11,Hour_12,Hour_13,Hour_14,Hour_15,Hour_16,Hour_17,Hour_18,Hour_19,Hour_20,Hour_21,Hour_22,Hour_23
1,100.0,98.34,96.65,95.61,94.18,92.6,84.38,77.73,71.31,63.51,59.09,53.49,48.37,42.96,37.6,32.05,24.96,17.54,10.42,3.62,1.96,0.83,0.1,0.1
2,100.0,98.02,96.49,94.5,92.68,90.98,84.31,77.67,71.34,65.24,61.13,56.2,51.37,47.15,41.33,36.63,28.63,21.89,15.43,7.33,5.98,4.13,2.22,1.01
3,100.0,98.87,96.88,95.0,93.85,92.25,84.54,77.62,69.22,62.08,56.86,52.55,48.15,43.05,38.19,32.75,25.78,18.55,9.97,3.92,1.93,0.69,0.1,0.1
4,100.0,98.67,96.75,94.89,93.13,91.87,83.11,75.03,68.93,61.62,56.45,52.05,47.87,41.91,37.02,32.44,25.02,17.72,9.97,2.71,1.23,0.16,0.1,0.1
5,100.0,98.37,97.02,95.14,94.1,92.32,86.14,77.41,70.78,62.78,56.92,52.64,47.5,43.38,37.89,32.33,25.64,17.27,8.31,0.1,0.1,0.1,0.1,0.1
6,100.0,98.57,97.47,95.75,94.19,92.54,83.64,77.61,69.55,60.84,54.88,49.87,45.67,41.03,35.06,29.41,22.28,14.0,7.71,1.5,0.24,0.1,0.1,0.1
7,100.0,98.89,97.85,95.99,94.03,92.56,84.31,76.88,69.79,62.41,57.65,52.93,47.18,41.56,36.95,32.93,26.49,18.72,10.34,1.99,0.67,0.1,0.1,0.1
8,100.0,98.61,97.31,95.63,93.84,92.13,83.36,74.69,66.11,59.58,54.39,49.51,44.37,40.2,35.12,29.39,21.92,12.97,5.01,0.1,0.1,0.1,0.1,0.1
9,100.0,98.76,96.82,94.91,93.17,91.43,84.29,77.93,69.71,61.61,56.52,52.44,47.3,42.81,37.4,32.8,26.76,18.28,11.13,4.71,3.16,1.62,0.1,0.1
10,100.0,98.66,97.06,95.95,94.91,93.88,86.92,79.89,72.65,66.17,61.81,56.18,51.11,46.09,41.5,37.21,29.54,21.9,13.15,5.79,4.42,2.52,0.89,0.1
11,100.0,98.84,97.64,96.56,95.1,93.31,84.52,77.45,69.87,61.29,56.19,50.88,46.22,40.99,35.51,31.28,24.4,17.55,9.14,2.4,0.44,0.1,0.1,0.1
12,100.0,98.29,96.46,94.87,93.79,92.32,84.8,77.4,69.49,60.81,56.29,51.85,47.6,42.59,37.59,32.09,25.6,16.65,9.92,2.9,0.91,0.1,0.1,0.1
13,100.0,98.58,96.58,95.1,93.11,92.09,84.95,77.33,70.2,62.74,57.1,51.53,46.44,42.34,36.75,31.45,24.09,16.34,9.01,1.58,0.2,0.1,0.1,0.1
14,100.0,98.95,97.9,96.39,94.76,92.81,84.2,75.42,66.45,57.46,51.57,47.29,42.94,38.5,33.7,29.3,20.67,11.94,3.91,0.1,0.1,0.1,0.1,0.1
15,100.0,98.8,97.22,95.55,94.25,92.71,83.77,76.42,67.48,61.42,56.99,51.28,45.78,41.67,36.78,32.13,24.16,17.48,11.44,4.19,2.77,1.68,0.13,0.1
16,100.0,98.42,96.74,94.82,93.66,91.79,84.23,76.89,68.2,59.74,54.23,49.35,44.65,39.75,35.15,30.06,23.54,16.24,8.76,2.66,1.53,0.1,0.1,0.1
17,100.0,98.88,97.35,96.12,94.93,93.07,85.11,76.61,69.59,62.05,56.08,50.71,46.42,41.0,36.98,31.35,24.13,15.41,6.73,0.1,0.1,0.1,0.1,0.1
18,100.0,98.27,97.12,95.95,94.67,93.52,84.73,78.09,71.99,63.88,58.98,54.95,50.13,45.4,40.6,36.06,27.35,19.68,12.7,4.68,2.79,1.74,0.1,0.1
19,100.0,98.83,97.29,95.79,94.26,92.61,85.76,78.28,69.65,62.54,57.02,52.93,47.45,42.01,36.64,32.57,25.51,16.69,7.8,0.8,0.1,0.1,0.1,0.1
20,100.0,98.29,97.1,95.55,94.15,93.14,86.09,79.34,72.79,65.62,60.59,56.04,51.43,46.59,41.52,36.27,28.53,20.92,14.48,6.87,5.0,3.98,2.72,0.85
21,100.0,98.09,96.55,95.11,93.17,91.89,83.7,75.3,67.26,59.86,54.14,49.34,43.47,38.71,34.47,28.57,20.74,12.5,4.58,0.1,0.1,0.1,0.1,0.1
22,100.0,98.64,97.13,96.13,94.78,93.02,84.13,77.27,69.96,61.32,57.01,52.98,48.14,43.64,39.14,34.38,26.87,18.01,9.22,2.31,1.2,0.1,0.1,0.1
23,100.0,98.81,97.55,95.6,94.06,92.6,83.89,76.29,68.06,61.63,55.9,50.49,45.19,39.39,33.73,28.33,21.0,14.27,6.5,0.1,0.1,0.1,0.1,0.1
24,100.0,98.42,96.58,95.21,93.31,91.79,83.59,76.54,67.86,59.45,55.0,49.85,44.69,39.76,35.14,29.3,22.71,14.38,6.35,0.1,0.1,0.1,0.1,0.1
25,100.0,98.91,96.92,95.3,94.27,93.06,85.33,79.09,71.42,64.58,60.31,55.06,50.23,45.31,40.33,35.95,28.26,21.67,12.73,4.15,2.59,1.07,0.1,0.1
26,100.0,98.39,97.28,95.86,93.98,92.31,85.3,77.63,70.96,63.09,57.86,52.48,46.89,42.65,37.94,33.74,26.61,19.24,11.99,5.04,3.05,1.5,0.33,0.1
27,100.0,98.41,96.94,95.7,94.25,92.81,84.1,75.63,68.76,62.18,57.68,53.45,48.05,43.5,38.34,33.07,26.58,18.85,12.71,4.16,2.95,1.01,0.1,0.1
28,100.0,98.43,97.0,95.0,93.28,91.46,83.91,76.29,67.6,59.07,54.03,48.4,43.13,37.24,32.82,26.93,18.75,11.03,4.03,0.1,0.1,0.1,0.1,0.1
29,100.0,98.53,97.43,95.52,93.94,92.75,84.73,77.11,70.85,62.4,56.84,52.76,48.57,43.93,39.24,34.62,25.9,19.17,12.0,3.26,1.61,0.1,0.1,0.1
30,100.0,98.64,96.7,95.28,93.96,92.15,83.88,75.69,67.65,61.18,56.93,51.96,46.94,41.09,36.93,32.26,24.82,16.36,9.6,2.13,0.76,0.1,0.1,0.1
31,100.0,98.92,97.21,96.19,94.26,92.28,85.8,78.11,71.74,64.51,59.75,53.81,49.47,43.88,38.59,33.71,24.88,16.18,7.86,0.1,0.1,0.1,0.1,0.1
32,100.0,98.63,97.58,96.16,94.28,92.86,84.61,78.07,70.53,61.66,56.8,50.9,45.99,41.87,37.18,32.99,26.09,18.92,12.48,5.94,3.94,2.07,0.76,0.1
33,100.0,98.32,96.48,94.49,92.97,91.4,82.76,76.51,68.93,62.57,56.67,52.58,47.25,42.1,37.6,32.3,24.4,15.78,8.87,1.68,0.29,0.1,0.1,0.1
34,100.0,98.26,96.37,94.52,92.81,91.23,83.61,76.14,69.19,62.44,57.64,52.45,46.94,41.94,36.59,30.98,22.12,14.03,7.58,0.95,0.1,0.1,0.1,0.1
35,100.0,98.63,97.62,95.79,94.1,92.88,84.27,77.01,69.12,60.19,55.09,50.84,44.84,39.65,34.41,30.25,24.11,16.41,8.7,0.1,0.1,0.1,0.1,0.1
36,100.0,98.68,96.69,95.25,94.17,92.65,84.47,77.05,69.02,62.87,57.62,52.81,48.3,43.75,38.94,33.27,26.27,18.05,10.64,1.84,0.1,0.1,0.1,0.1
37,100.0,98.51,97.43,96.24,94.86,93.38,85.86,79.49,71.7,65.17,60.11,55.75,50.28,45.48,40.36,34.7,27.38,19.36,10.73,3.87,2.57,1.26,0.1,0.1
38,100.0,98.32,97.2,95.43,94.41,93.25,84.73,76.16,69.14,61.7,56.62,52.07,46.29,41.18,36.64,31.5,22.65,14.73,6.02,0.1,0.1,0.1,0.1,0.1
39,100.0,98.39,96.77,94.86,93.38,91.82,84.03,77.63,68.86,61.4,57.27,52.06,47.9,43.12,39.03,34.34,28.12,21.49,15.16,6.72,5.32,3.53,2.0,0.35
40,100.0,98.52,97.16,96.07,94.5,93.09,86.45,79.52,71.99,64.54,60.26,55.04,50.05,44.37,39.32,33.57,25.53,18.95,12.18,5.88,4.45,2.77,1.04,0.1
41,100.0,98.52,97.1,95.95,94.92,93.4,86.9,79.59,71.36,62.5,57.16,52.05,47.22,41.65,35.91,30.15,23.19,15.87,9.42,2.23,0.74,0.1,0.1,0.1
42,100.0,98.92,97.25,95.83,93.94,92.82,85.9,77.59,69.79,61.77,57.2,51.73,46.36,41.97,36.65,30.96,22.4,16.05,9.19,0.65,0.1,0.1,0.1,0.1
43,100.0,98.43,96.81,95.21,93.77,92.27,83.5,76.52,67.93,61.1,56.96,51.26,45.86,40.13,34.24,28.59,19.74,11.63,4.5,0.1,0.1,0.1,0.1,0.1
44,100.0,98.76,97.24,95.43,93.56,91.62,85.12,76.25,68.15,60.66,55.2,49.7,44.89,39.17,34.16,29.29,22.28,16.24,9.04,2.73,1.25,0.1,0.1,0.1
45,100.0,98.24,96.7,95.04,93.82,92.38,86.18,77.92,69.3,61.16,56.96,51.69,46.93,41.96,36.8,32.12,24.02,15.77,7.18,0.1,0.1,0.1,0.1,0.1
46,100.0,98.31,96.87,94.9,93.06,92.05,84.11,75.77,68.64,60.84,56.65,51.52,47.27,42.24,36.47,32.39,25.38,16.62,10.31,2.9,1.68,0.1,0.1,0.1
47,100.0,98.49,97.11,95.52,94.29,93.15,84.23,77.61,71.4,62.52,57.13,51.21,45.48,40.85,34.99,29.01,21.82,13.0,4.2,0.1,0.1,0.1,0.1,0.1
48,100.0,98.96,97.41,95.94,94.08,92.53,84.08,76.79,69.29,60.39,54.96,50.86,45.24,39.91,35.53,31.27,24.04,15.06,6.59,0.1,0.1,0.1,0.1,0.1
49,100.0,98.16,96.94,95.94,94.74,93.33,86.3,79.26,70.44,62.95,57.86,53.53,48.77,43.4,37.48,32.38,25.78,19.46,12.5,3.5,2.19,1.11,0.1,0.1
50,100.0,98.99,97.41,95.45,94.42,92.57,85.24,77.91,70.3,62.42,58.33,52.75,47.6,42.28,37.99,32.24,24.37,17.0,8.64,1.31,0.18,0.1,0.1,0.1
51,100.0,98.04,96.32,95.26,93.71,92.57,84.73,75.85,68.09,59.32,54.04,48.4,42.89,36.96,30.98,26.98,18.3,11.84,2.85,0.1,0.1,0.1,0.1,0.1
52,100.0,98.02,96.29,95.19,93.9,92.4,85.33,77.86,69.47,61.24,56.46,52.28,47.26,42.27,38.1,33.0,24.28,15.94,9.41,2.45,1.09,0.1,0.1,0.1
53,100.0,98.12,96.95,95.46,93.98,92.91,84.38,78.16,71.57,63.71,58.67,52.75,47.82,42.35,36.75,31.8,24.96,18.22,10.59,1.76,0.11,0.1,0.1,0.1
54,100.0,98.96,97.78,96.16,94.91,93.65,84.73,78.4,71.39,63.4,57.98,52.85,48.03,42.37,36.58,32.22,23.23,14.64,7.3,0.1,0.1,0.1,0.1,0.1
55,100.0,98.22,96.5,94.85,93.38,91.65,84.91,77.97,70.92,64.7,59.67,54.23,48.74,44.53,39.16,34.85,27.05,20.79,14.22,7.18,5.56,3.68,1.96,0.91
56,100.0,98.08,96.74,95.5,93.87,92.19,85.49,78.63,71.93,63.82,58.57,53.37,48.75,43.16,37.79,32.23,26.11,18.2,10.66,2.27,0.32,0.1,0.1,0.1
57,100.0,98.06,96.46,94.91,93.8,92.76,84.29,77.31,69.98,63.0,58.68,54.02,48.63,44.24,39.07,34.53,26.91,19.55,12.66,6.1,4.63,2.89,1.67,0.1
58,100.0,98.03,96.86,95.19,93.64,91.76,83.8,76.97,69.51,60.53,55.56,50.31,44.32,38.77,34.36,29.03,21.1,12.81,4.07,0.1,0.1,0.1,0.1,0.1
59,100.0,98.51,96.6,94.76,93.07,91.58,83.89,77.37,69.75,60.8,55.94,51.73,46.23,41.5,37.15,32.41,23.74,17.21,9.72,1.6,0.27,0.1,0.1,0.1
60,100.0,98.62,96.79,95.3,93.36,91.94,83.57,74.99,68.18,60.81,56.25,51.28,46.58,41.82,36.59,32.16,24.65,15.94,9.18,1.98,0.86,0.1,0.1,0.1
61,100.0,98.56,97.45,95.59,93.71,91.77,85.28,77.78,68.89,60.57,56.25,50.54,45.59,41.3,35.61,30.53,23.39,15.1,8.3,0.98,0.1,0.1,0.1,0.1
62,100.0,98.96,97.07,95.07,93.64,92.24,83.8,76.14,68.19,60.66,55.25,51.01,46.55,41.74,36.8,31.05,22.65,15.7,6.87,0.85,0.1,0.1,0.1,0.1
63,100.0,98.03,96.98,95.58,94.21,93.15,86.78,79.95,71.82,64.78,60.39,55.08,49.37,43.96,39.19,34.49,25.76,18.51,11.48,2.6,0.95,0.1,0.1,0.1
64,100.0,98.84,97.76,95.87,94.59,92.94,85.77,79.48,71.1,64.11,59.61,54.28,48.31,43.05,37.17,32.17,24.08,17.6,11.5,3.46,2.12,0.89,0.1,0.1
65,100.0,98.98,97.53,96.28,94.55,93.01,85.87,77.21,69.81,62.8,58.28,54.12,48.72,44.08,39.32,33.34,26.77,18.36,9.86,3.35,1.93,0.25,0.1,0.1
66,100.0,98.31,97.3,95.98,94.94,93.14,84.88,78.7,71.39,64.86,58.93,54.83,48.92,43.58,37.76,32.66,24.17,15.27,6.8,0.1,0.1,0.1,0.1,0.1
67,100.0,98.15,96.7,94.74,93.5,91.82,82.93,75.38,69.32,61.81,57.37,52.91,48.61,43.72,39.27,33.95,26.17,19.45,12.93,5.12,3.49,2.29,0.66,0.1
68,100.0,98.87,97.74,95.89,94.2,92.85,86.81,78.44,70.56,63.37,58.79,54.27,50.15,45.12,40.98,36.39,28.94,22.6,15.01,6.5,5.02,3.06,1.32,0.1
69,100.0,98.52,97.52,96.5,95.32,93.97,85.38,76.5,69.82,62.98,57.1,52.25,47.65,42.23,37.49,33.26,26.9,20.52,12.45,4.04,2.34,0.63,0.1,0.1
70,100.0,98.35,96.94,95.11,93.69,92.5,86.29,77.7,69.69,60.82,55.0,50.68,46.17,40.33,34.6,29.45,22.43,14.5,7.51,0.1,0.1,0.1,0.1,0.1
71,100.0,98.31,96.63,94.7,92.99,91.28,83.28,76.26,68.45,62.35,56.82,51.54,46.12,40.4,35.53,31.27,22.95,14.55,8.3,0.1,0.1,0.1,0.1,0.1
72,100.0,98.56,96.82,95.05,93.65,92.0,85.77,76.79,67.82,58.97,54.13,48.71,43.98,39.4,34.6,30.15,22.04,15.46,9.42,2.56,0.65,0.1,0.1,0.1
73,100.0,98.72,97.03,95.72,94.61,92.94,85.19,76.23,69.91,61.81,56.5,51.92,46.33,42.05,36.69,31.17,22.27,14.49,7.23,0.1,0.1,0.1,0.1,0.1
74,100.0,98.11,96.95,95.03,93.17,91.21,82.92,75.41,69.16,60.81,54.88,49.0,44.64,39.7,33.84,28.72,19.83,13.33,4.88,0.1,0.1,0.1,0.1,0.1
75,100.0,98.94,97.36,96.05,94.65,93.31,86.47,78.13,71.05,64.02,58.32,53.03,47.57,42.24,37.95,33.7,24.86,17.54,9.78,1.18,0.1,0.1,0.1,0.1
76,100.0,98.01,96.39,95.21,93.46,91.68,84.89,78.08,69.33,62.4,57.73,51.78,47.07,41.32,36.65,31.93,25.8,18.24,9.31,2.03,0.1,0.1,0.1,0.1
77,100.0,98.77,97.25,95.4,93.84,92.01,84.61,76.04,68.79,61.45,56.75,51.44,45.56,39.76,34.5,30.28,22.74,16.38,8.45,1.34,0.3,0.1,0.1,0.1
78,100.0,98.02,96.08,94.23,92.28,91.13,82.56,74.87,68.61,61.99,56.93,51.16,46.75,40.88,36.48,31.83,23.56,15.26,8.05,1.14,0.1,0.1,0.1,0.1
79,100.0,98.4,96.89,95.72,94.69,93.52,86.26,77.74,70.59,64.0,58.98,54.59,50.07,45.88,41.46,36.67,27.96,21.47,15.23,6.75,5.16,3.18,1.68,0.1
80,100.0,98.62,97.15,95.99,93.99,92.8,85.05,77.11,70.02,62.52,58.0,52.73,46.85,40.9,35.81,30.17,23.07,14.39,6.35,0.1,0.1,0.1,0.1,0.1
81,100.0,98.4,97.0,95.6,93.96,92.19,84.02,76.61,68.9,61.38,56.26,51.34,47.09,42.26,37.45,31.68,24.08,17.12,8.6,0.33,0.1,0.1,0.1,0.1
82,100.0,98.06,96.31,95.11,93.66,92.07,85.15,78.86,72.66,66.05,61.04,55.33,50.17,45.76,39.96,35.56,26.87,20.5,12.42,5.82,4.09,2.09,0.33,0.1
83,100.0,98.45,97.15,95.92,94.59,93.22,84.32,75.97,67.79,60.88,56.28,51.6,46.18,41.18,36.21,31.75,24.92,16.76,10.04,3.67,2.09,0.66,0.1,0.1
84,100.0,98.68,97.19,95.27,94.24,92.66,85.07,76.27,67.85,59.41,53.71,49.67,45.28,41.02,35.14,30.94,23.64,16.84,9.81,1.38,0.1,0.1,0.1,0.1
85,100.0,98.6,97.49,95.87,94.64,93.32,85.89,77.92,70.94,62.32,57.75,52.63,47.97,42.53,36.7,31.96,25.24,18.43,10.93,4.75,3.71,1.99,0.1,0.1
86,100.0,98.94,97.05,95.64,94.6,92.95,85.82,76.94,69.16,61.5,56.42,51.53,45.87,41.28,35.84,30.12,21.87,14.86,6.22,0.1,0.1,0.1,0.1,0.1
87,100.0,98.47,96.64,95.59,94.16,92.38,84.64,77.94,69.87,62.22,58.15,52.18,47.28,42.99,38.71,33.42,26.09,19.74,13.63,6.74,5.12,3.22,1.45,0.1
88,100.0,98.69,97.46,95.62,94.26,93.17,85.31,78.72,72.61,65.12,59.78,54.0,49.3,43.61,37.73,32.19,23.22,15.37,7.27,0.1,0.1,0.1,0.1,0.1
89,100.0,98.81,97.51,96.48,95.36,94.23,86.57,78.89,70.03,62.2,57.61,53.56,47.98,42.31,36.57,31.87,23.1,15.13,8.99,2.42,0.69,0.1,0.1,0.1
90,100.0,98.39,97.2,96.17,95.11,93.61,86.29,79.22,70.56,63.33,58.55,53.85,49.04,44.75,39.6,34.63,26.74,17.87,11.27,3.19,2.09,0.28,0.1,0.1
91,100.0,98.47,97.39,95.56,93.98,92.65,84.84,75.9,69.48,61.45,56.04,50.06,44.82,40.71,36.21,31.75,23.11,14.49,7.26,0.11,0.1,0.1,0.1,0.1
92,100.0,98.43,97.31,95.51,93.54,91.77,84.15,75.54,67.49,58.8,54.6,48.85,43.02,37.38,33.22,28.01,21.48,13.76,7.04,0.1,0.1,0.1,0.1,0.1
93,100.0,98.29,97.28,95.37,93.97,92.13,85.44,78.07,71.33,65.13,59.32,54.87,49.96,45.15,40.09,34.98,27.5,19.85,12.97,4.02,2.04,0.23,0.1,0.1
94,100.0,98.23,96.61,95.23,93.42,91.46,84.22,76.09,67.3,60.3,54.72,49.31,43.85,39.23,33.34,28.09,20.86,13.18,4.88,0.1,0.1,0.1,0.1,0.1
95,100.0,98.28,96.5,95.45,94.45,93.06,85.73,79.37,72.82,66.17,61.96,57.0,52.7,46.92,42.41,37.11,31.03,24.92,18.16,12.1,10.72,9.72,8.2,6.52
96,100.0,98.8,97.32,95.73,94.16,92.97,86.66,78.14,71.95,64.89,60.73,55.43,51.13,46.65,42.03,36.67,28.69,20.45,12.92,6.83,5.24,3.3,1.73,0.1
97,100.0,98.5,96.75,95.67,94.5,92.56,85.35,79.1,72.72,65.0,59.37,54.73,48.73,43.59,38.08,33.83,27.44,19.08,10.81,3.27,1.74,0.29,0.1,0.1
98,100.0,98.4,96.56,94.69,93.29,91.39,82.97,76.09,69.06,62.19,56.55,50.71,46.11,42.01,36.2,31.55,24.55,16.85,9.27,1.5,0.1,0.1,0.1,0.1
99,100.0,98.42,97.01,95.23,93.34,91.49,83.46,75.38,68.01,60.81,55.99,50.94,46.3,40.98,35.25,30.12,22.49,16.32,10.21,1.38,0.25,0.1,0.1,0.1
100,100.0,98.81,97.64,95.88,94.37,92.85,86.21,79.01,71.46,65.33,59.62,54.64,49.85,43.93,39.82,35.05,29.01,20.87,12.38,3.63,1.64,0.63,0.1,0.1
101,100.0,98.07,96.7,94.73,93.65,92.53,84.06,75.25,68.34,62.24,57.18,52.45,46.95,42.93,38.01,32.54,26.02,18.38,10.21,3.94,2.84,1.7,0.62,0.1
102,100.0,98.76,96.84,95.37,93.39,91.45,83.37,74.93,66.17,57.52,52.86,47.19,41.92,36.8,31.42,27.36,21.28,14.65,6.27,0.1,0.1,0.1,0.1,0.1
103,100.0,98.83,97.36,95.7,93.71,91.81,85.09,77.13,68.52,59.79,55.69,49.71,44.0,39.04,34.43,29.0,22.7,15.88,8.73,2.39,0.98,0.1,0.1,0.1
104,100.0,98.14,96.66,95.19,93.3,91.66,84.38,77.72,69.95,62.66,58.46,52.7,47.42,41.82,35.87,31.14,23.61,14.62,6.72,0.1,0.1,0.1,0.1,0.1
105,100.0,98.5,96.57,95.33,93.85,91.91,85.35,76.46,70.06,61.76,55.96,51.32,45.54,41.14,36.42,30.44,24.2,15.92,7.97,1.55,0.31,0.1,0.1,0.1
106,100.0,98.29,96.53,95.38,93.73,92.3,85.34,77.46,71.27,63.27,59.14,54.21,49.15,44.49,38.98,34.2,25.53,17.77,9.25,0.26,0.1,0.1,0.1,0.1
107,100.0,98.8,96.88,95.63,93.96,92.26,85.78,78.16,69.88,61.1,55.18,50.63,44.94,39.17,34.99,30.38,21.42,14.14,6.44,0.1,0.1,0.1,0.1,0.1
108,100.0,98.04,96.96,95.78,94.29,93.08,86.94,80.81,72.93,66.76,60.78,55.46,50.7,45.74,40.25,35.02,28.93,22.62,13.99,7.09,5.4,3.83,2.37,0.71
109,100.0,98.82,97.27,96.19,94.58,92.97,85.47,77.42,71.1,63.08,58.28,53.64,48.2,43.81,38.52,33.64,24.88,15.91,8.46,2.06,0.53,0.1,0.1,0.1
110,100.0,98.46,97.1,95.74,94.6,92.8,85.53,78.59,69.64,61.46,56.94,52.5,46.92,41.05,36.58,31.99,25.3,16.33,9.16,2.85,0.89,0.1,0.1,0.1
111,100.0,98.21,96.87,95.64,94.17,93.12,87.01,79.68,73.02,66.75,61.62,56.0,50.62,46.36,41.54,36.83,28.44,20.51,14.49,5.88,4.44,2.85,1.3,0.1
112,100.0,98.85,97.33,95.34,93.96,92.72,84.86,77.45,71.25,63.05,58.01,52.7,48.51,43.16,39.01,33.22,26.72,17.93,10.1,2.51,1.04,0.1,0.1,0.1
113,100.0,98.35,96.49,95.06,93.8,92.69,86.55,80.04,72.52,64.14,59.17,53.79,49.25,45.23,40.34,34.63,28.18,19.42,10.48,4.18,2.21,0.4,0.1,0.1
114,100.0,98.26,97.2,95.32,93.58,91.75,84.09,77.05,68.71,59.99,55.92,50.26,45.85,41.76,37.18,31.67,24.4,17.55,9.58,0.62,0.1,0.1,0.1,0.1
115,100.0,98.11,96.14,94.93,92.98,91.13,83.71,76.9,68.63,61.26,56.1,50.27,44.71,38.95,34.74,29.68,21.32,15.19,8.61,0.69,0.1,0.1,0.1,0.1
116,100.0,98.41,97.22,95.53,93.76,92.4,85.97,79.3,72.47,66.19,61.21,56.41,52.19,47.95,42.26,38.2,31.2,24.35,16.33,8.14,6.67,4.94,3.13,1.6
117,100.0,98.66,97.11,95.22,93.94,92.94,85.1,78.46,70.71,64.09,59.87,55.1,49.12,44.03,38.41,34.33,25.98,17.11,8.77,0.1,0.1,0.1,0.1,0.1
118,100.0,98.41,96.61,94.84,93.71,92.54,85.39,77.37,70.7,64.41,59.42,55.28,50.67,45.66,41.17,36.31,29.82,21.33,15.05,6.97,5.86,4.12,2.81,1.61
119,100.0,98.66,96.72,95.52,94.22,92.26,85.35,77.81,71.64,63.86,59.65,55.02,50.24,45.66,40.56,36.04,29.86,21.05,13.69,7.09,5.41,4.06,2.98,1.5
120,100.0,98.6,96.63,94.95,93.64,92.54,83.97,76.05,68.82,60.69,55.25,51.06,45.73,40.54,36.22,32.13,24.45,15.78,7.86,0.79,0.1,0.1,0.1,0.1
121,100.0,98.02,96.77,94.82,93.55,92.32,85.61,76.9,68.76,60.82,56.0,51.98,46.54,41.6,36.54,32.31,24.61,15.73,6.83,0.1,0.1,0.1,0.1,0.1
122,100.0,98.94,97.84,96.68,95.16,93.93,85.27,78.06,69.69,61.64,55.89,50.14,46.05,41.65,35.94,31.83,25.28,16.58,7.82,0.1,0.1,0.1,0.1,0.1
123,100.0,98.56,96.94,95.52,94.34,93.2,84.89,78.25,70.97,62.36,57.65,53.57,49.17,44.41,39.11,34.82,26.18,19.8,12.44,4.86,3.12,1.28,0.12,0.1
124,100.0,98.97,97.1,95.28,93.57,92.05,83.56,76.81,70.21,61.74,56.52,52.15,48.1,42.26,37.44,32.24,25.73,18.37,10.16,2.63,1.15,0.1,0.1,0.1
125,100.0,98.89,97.58,96.36,94.77,93.1,86.16,77.73,69.4,62.94,57.11,51.81,47.07,41.34,35.81,30.89,22.19,16.1,9.72,2.39,0.41,0.1,0.1,0.1
126,100.0,98.97,97.45,96.16,95.05,93.34,86.95,79.25,72.85,64.17,59.26,54.55,50.26,46.13,40.38,35.35,28.08,19.1,11.95,3.01,1.15,0.1,0.1,0.1
127,100.0,98.28,96.59,95.42,93.65,91.81,84.62,76.73,68.19,61.16,56.01,50.43,45.65,39.76,34.78,29.31,21.03,13.66,5.42,0.1,0.1,0.1,0.1,0.1
128,100.0,98.63,96.9,95.63,94.28,93.06,86.73,80.58,73.47,64.61,59.98,54.39,49.94,44.59,40.32,35.56,27.69,20.61,13.72,4.78,3.45,1.45,0.13,0.1
129,100.0,98.69,97.63,96.53,94.56,93.11,87.02,78.62,69.88,61.96,57.05,51.63,47.07,42.23,37.98,32.79,24.39,16.76,8.4,1.37,0.1,0.1,0.1,0.1
130,100.0,98.89,97.85,96.15,94.76,93.17,84.97,77.36,69.38,61.83,56.1,50.35,44.8,40.09,35.56,31.21,22.97,16.37,9.14,1.9,0.59,0.1,0.1,0.1
131,100.0,98.89,96.89,95.87,94.09,92.47,83.74,77.65,70.65,64.55,60.17,54.31,48.86,43.19,38.65,33.69,27.56,19.27,12.86,6.16,4.58,3.2,1.2,0.1
132,100.0,98.79,97.22,95.73,94.11,92.5,84.65,76.94,68.08,60.87,55.91,50.58,44.69,40.6,34.97,30.14,21.87,13.82,7.61,0.1,0.1,0.1,0.1,0.1
133,100.0,99.0,97.48,96.48,95.44,93.7,85.9,78.28,71.27,63.05,57.54,52.52,48.32,43.67,38.09,33.55,25.84,17.49,9.27,0.94,0.1,0.1,0.1,0.1
134,100.0,98.27,97.19,95.44,93.91,92.12,85.29,78.64,72.07,64.52,59.9,54.0,48.15,43.5,37.89,32.02,24.91,16.82,8.28,1.84,0.21,0.1,0.1,0.1
135,100.0,98.0,96.31,95.1,93.27,92.18,85.44,78.48,69.75,61.45,55.53,51.29,46.32,40.98,35.76,30.36,23.22,14.88,7.43,0.43,0.1,0.1,0.1,0.1
136,100.0,98.45,97.05,95.16,94.0,92.24,84.9,76.35,68.19,60.09,55.37,49.87,44.99,40.86,35.12,29.66,22.54,15.51,9.38,2.57,1.09,0.1,0.1,0.1
137,100.0,98.83,97.35,96.18,94.58,92.83,86.18,79.12,71.82,63.16,58.83,53.6,48.78,43.18,38.96,34.79,28.26,21.74,15.27,7.59,6.26,4.95,3.94,2.25
138,100.0,98.24,96.8,95.28,93.96,92.01,83.19,77.07,68.44,60.24,54.71,50.48,45.27,40.65,35.62,30.49,21.85,15.84,7.39,1.0,0.1,0.1,0.1,0.1
139,100.0,98.94,97.34,95.63,94.37,93.29,87.26,78.74,72.55,65.94,60.22,55.16,51.14,45.53,39.67,35.6,29.36,21.8,12.89,6.57,5.57,4.54,3.42,1.85
140,100.0,98.78,97.2,95.47,93.55,91.66,85.22,77.79,71.7,63.39,58.96,53.72,48.47,43.48,38.97,33.58,25.63,18.68,11.33,5.01,3.57,2.53,1.31,0.1
141,100.0,98.29,96.89,95.11,93.76,92.62,83.84,76.21,68.03,60.24,54.48,50.26,44.27,39.79,34.98,29.13,22.91,14.58,7.89,1.14,0.1,0.1,0.1,0.1
142,100.0,98.44,96.86,95.48,93.5,91.63,85.34,76.65,69.74,63.21,57.89,52.86,47.94,43.19,39.11,34.32,27.13,20.45,12.9,3.94,2.16,0.83,0.1,0.1
143,100.0,98.25,96.31,94.37,92.37,91.07,82.31,74.78,66.79,60.33,55.66,50.27,45.43,39.87,35.18,29.9,23.63,16.53,8.49,0.1,0.1,0.1,0.1,0.1
144,100.0,98.65,96.94,95.41,93.72,92.63,86.01,77.1,69.22,63.1,58.74,54.67,49.74,45.06,40.94,36.86,28.25,20.46,14.42,6.21,4.51,2.94,1.93,0.64
145,100.0,98.71,97.12,95.14,93.72,92.06,84.81,77.25,70.85,63.19,57.95,51.95,47.27,41.62,37.15,32.51,25.58,16.66,8.24,0.81,0.1,0.1,0.1,0.1
146,100.0,98.53,97.12,95.51,94.22,92.77,86.59,78.29,71.47,64.62,59.7,55.36,50.86,44.9,39.06,33.07,25.08,17.2,9.04,1.81,0.1,0.1,0.1,0.1
147,100.0,98.64,97.59,95.83,94.48,92.65,84.48,75.69,68.01,60.47,56.15,50.78,46.69,40.9,34.95,30.02,23.25,16.16,7.78,0.1,0.1,0.1,0.1,0.1
148,100.0,98.26,97.18,95.32,93.33,91.75,85.55,78.65,71.31,63.78,58.09,53.82,48.71,42.79,37.86,32.1,23.16,15.0,6.78,0.1,0.1,0.1,0.1,0.1
149,100.0,98.09,96.56,95.38,93.82,92.42,84.32,77.93,69.33,62.32,58.11,53.55,48.98,44.37,40.19,34.38,26.74,19.29,11.87,3.28,1.77,0.61,0.1,0.1
150,100.0,98.84,97.13,95.96,94.46,93.08,86.15,78.76,71.21,64.2,60.13,54.3,49.09,44.48,38.67,33.37,24.66,17.19,8.41,0.85,0.1,0.1,0.1,0.1
151,100.0,98.66,97.1,95.42,94.25,92.34,84.52,75.54,67.71,60.42,55.13,51.08,46.57,41.94,36.42,31.63,24.23,16.76,8.93,2.56,0.93,0.1,0.1,0.1
152,100.0,98.85,97.26,95.35,94.34,93.2,85.85,79.8,71.68,64.2,59.21,53.62,48.58,42.91,38.45,33.77,26.86,18.35,10.72,3.09,2.07,0.13,0.1,0.1
153,100.0,98.44,97.34,95.94,94.04,92.05,84.48,77.68,69.87,62.07,56.12,50.58,46.45,42.1,36.22,31.71,24.31,15.67,7.69,1.45,0.1,0.1,0.1,0.1
154,100.0,98.03,96.28,94.78,93.67,92.14,86.12,78.95,72.16,64.95,59.47,54.01,48.77,43.16,37.47,33.34,25.47,17.0,9.04,2.4,0.56,0.1,0.1,0.1
155,100.0,98.35,96.99,95.46,94.14,92.45,84.54,76.8,68.85,61.81,57.43,51.75,46.27,41.4,36.0,31.58,23.35,15.61,8.89,0.1,0.1,0.1,0.1,0.1
156,100.0,98.97,97.06,95.99,94.54,92.58,85.7,78.12,71.67,63.83,59.5,54.9,48.91,44.31,39.18,34.97,26.78,17.85,9.29,2.64,0.78,0.1,0.1,0.1
157,100.0,98.95,97.53,95.81,94.79,93.11,85.23,76.78,68.62,61.36,55.45,51.29,45.39,39.58,35.33,30.09,21.5,14.27,6.08,0.1,0.1,0.1,0.1,0.1
158,100.0,98.36,97.08,95.76,94.67,93.54,86.53,79.05,71.45,63.27,58.78,54.17,49.01,44.63,40.16,35.96,27.77,19.33,13.14,5.36,3.56,2.17,0.63,0.1
159,100.0,98.91,96.91,95.8,94.1,92.26,83.38,76.37,69.9,61.04,55.56,50.71,45.08,39.46,33.63,28.48,20.98,12.11,3.57,0.1,0.1,0.1,0.1,0.1
160,100.0,98.9,97.41,96.26,94.9,92.96,85.3,77.84,70.7,64.0,58.72,54.45,49.68,44.61,40.2,34.72,26.38,20.21,13.94,6.18,4.36,3.09,1.69,0.29
161,100.0,98.61,96.66,95.42,94.23,92.24,84.5,77.43,71.25,62.65,57.07,52.83,46.85,42.36,37.72,31.85,24.84,16.26,10.16,1.48,0.19,0.1,0.1,0.1
162,100.0,98.72,97.03,95.69,94.32,92.62,83.76,77.47,70.06,63.85,59.42,54.74,49.47,45.38,39.91,35.33,26.86,20.56,13.23,5.81,3.85,2.05,0.3,0.1
163,100.0,98.77,96.92,95.26,94.05,92.33,85.19,78.27,70.32,63.57,58.52,53.18,48.59,44.32,39.17,34.14,27.79,21.75,15.45,9.14,7.46,6.28,4.44,2.94
164,100.0,98.02,96.07,94.94,93.94,92.43,83.82,76.96,68.94,60.08,55.91,50.65,46.35,40.57,35.89,31.58,23.0,16.27,8.15,0.34,0.1,0.1,0.1,0.1
165,100.0,98.06,96.19,94.46,93.21,91.85,84.42,77.05,69.48,63.28,59.1,55.08,49.95,44.74,39.78,34.43,28.09,19.31,13.22,6.28,5.0,3.32,1.91,0.2
166,100.0,98.96,97.81,96.71,95.12,93.48,86.23,79.85,71.84,65.2,59.6,55.23,49.97,44.61,40.02,35.8,29.13,21.52,14.3,7.61,5.94,4.43,3.23,2.09
167,100.0,98.66,97.01,95.09,93.19,91.36,84.44,77.34,68.72,62.61,57.71,51.9,46.79,41.4,36.24,30.86,23.08,16.59,8.91,0.2,0.1,0.1,0.1,0.1
168,100.0,98.31,96.38,94.84,92.98,91.86,84.53,75.92,67.47,58.81,53.13,47.97,43.16,37.41,32.65,26.94,19.4,13.02,5.33,0.1,0.1,0.1,0.1,0.1
169,100.0,98.06,96.26,95.17,93.19,91.95,85.86,78.67,69.87,62.83,58.32,53.05,47.73,43.22,37.67,33.64,25.95,17.71,8.87,0.34,0.1,0.1,0.1,0.1
170,100.0,98.34,96.79,95.41,93.84,92.38,84.74,76.23,68.85,61.95,56.08,51.79,46.82,42.67,38.62,33.27,26.6,19.32,13.32,6.0,4.03,2.35,1.27,0.24
171,100.0,98.97,97.68,96.15,95.02,93.64,86.76,78.98,70.64,61.91,56.6,51.28,46.19,41.7,36.65,31.23,23.57,16.93,10.29,4.16,3.06,1.83,0.1,0.1
172,100.0,98.07,96.16,94.47,92.91,91.51,82.67,75.53,67.73,60.31,55.86,50.73,46.33,40.69,34.73,28.82,21.9,13.34,6.53,0.1,0.1,0.1,0.1,0.1
173,100.0,98.82,97.42,96.42,95.13,93.54,85.78,78.94,72.19,63.25,58.31,53.09,48.89,43.51,38.72,34.43,26.63,17.9,10.17,1.7,0.41,0.1,0.1,0.1
174,100.0,98.41,96.61,95.13,93.72,91.89,83.66,75.05,66.43,59.71,54.65,49.09,43.99,38.23,32.82,28.69,21.02,14.19,6.34,0.1,0.1,0.1,0.1,0.1
175,100.0,98.31,96.73,95.06,93.14,91.51,83.03,74.62,66.45,57.45,52.03,46.07,41.28,36.44,31.81,26.08,17.19,8.97,0.56,0.1,0.1,0.1,0.1,0.1
176,100.0,98.13,97.08,95.52,93.56,92.36,83.44,77.11,69.12,60.43,55.24,49.85,44.56,39.63,33.66,28.22,21.29,13.73,5.86,0.1,0.1,0.1,0.1,0.1
177,100.0,98.71,97.07,95.49,93.99,92.81,86.11,78.56,69.85,62.95,58.43,54.42,48.47,44.37,39.19,34.92,28.85,21.28,13.78,6.62,4.7,3.49,2.35,0.7
178,100.0,98.75,97.19,96.18,94.58,92.83,85.57,78.7,70.16,63.71,58.7,53.37,49.07,43.11,37.28,31.32,22.96,16.01,7.59,1.03,0.1,0.1,0.1,0.1
179,100.0,98.44,96.61,95.07,93.82,92.69,85.94,79.56,71.15,64.49,59.89,55.19,50.25,45.93,40.59,36.39,30.07,21.91,13.7,4.91,3.15,1.46,0.43,0.1
180,100.0,98.6,97.1,95.44,94.4,92.5,85.85,78.48,69.85,62.66,57.24,52.96,48.64,43.72,39.08,34.03,27.65,19.28,12.92,6.56,5.02,3.34,2.13,0.57
181,100.0,98.07,96.59,94.65,92.98,90.99,84.04,76.89,68.89,62.78,57.16,52.38,48.05,43.8,38.59,32.64,26.41,17.51,10.32,4.29,3.05,1.96,0.1,0.1
182,100.0,98.59,96.6,95.55,94.4,92.79,86.4,78.45,71.32,64.24,58.29,54.16,50.09,45.35,40.25,34.48,27.39,20.65,13.17,5.11,3.65,1.68,0.1,0.1
183,100.0,98.06,96.78,95.21,93.76,92.01,84.36,77.92,71.39,65.33,61.3,56.52,51.76,46.97,41.56,37.33,28.82,22.74,16.18,9.79,7.93,6.03,4.14,2.51
184,100.0,98.15,96.78,95.48,94.18,92.81,84.36,78.26,71.98,63.32,59.0,53.29,49.15,44.06,38.43,33.06,26.22,19.68,11.8,5.72,4.15,2.86,0.97,0.1
185,100.0,98.81,97.06,95.78,94.05,92.4,83.93,76.61,68.29,61.73,56.29,50.49,46.05,40.49,35.96,30.68,22.25,13.27,6.7,0.36,0.1,0.1,0.1,0.1
186,100.0,98.53,97.09,95.29,93.85,92.39,85.4,77.57,71.05,62.56,56.69,51.2,45.98,41.89,35.97,31.69,25.68,16.99,9.42,0.89,0.1,0.1,0.1,0.1
187,100.0,98.54,97.01,95.49,94.41,93.18,85.35,76.42,69.81,60.86,55.04,49.17,43.84,38.87,33.71,28.87,21.25,14.52,6.66,0.1,0.1,0.1,0.1,0.1
188,100.0,98.31,96.85,94.93,93.8,92.57,84.15,77.01,70.29,64.24,59.96,54.39,49.68,44.18,40.04,35.96,27.2,19.46,12.96,6.33,4.71,3.29,2.02,0.9
189,100.0,98.35,96.88,95.2,93.31,91.6,84.73,78.03,70.04,63.27,59.15,53.62,47.76,43.05,38.1,33.77,25.01,17.07,8.65,0.36,0.1,0.1,0.1,0.1
190,100.0,98.84,97.61,95.79,93.94,92.07,84.9,76.23,68.42,60.93,56.22,51.71,47.17,41.84,36.2,31.04,24.41,15.45,8.99,1.6,0.2,0.1,0.1,0.1
191,100.0,98.46,96.46,95.03,93.1,91.56,85.5,78.47,69.97,61.18,55.52,50.84,45.24,41.06,35.55,31.38,23.94,16.14,8.47,1.22,0.1,0.1,0.1,0.1
192,100.0,98.1,96.97,95.94,94.43,93.29,86.81,80.19,73.9,65.77,61.01,56.24,51.91,46.27,41.24,36.05,28.82,20.46,14.04,5.91,4.38,3.33,2.17,0.28
193,100.0,98.61,97.17,95.98,94.6,92.77,85.92,78.21,71.92,64.83,59.16,54.99,50.62,46.25,41.22,35.35,26.43,18.16,10.48,2.08,0.42,0.1,0.1,0.1
194,100.0,98.65,97.38,96.35,94.45,92.51,85.21,78.76,71.15,62.17,57.09,52.48,46.98,41.46,35.74,30.94,24.54,15.96,7.83,0.1,0.1,0.1,0.1,0.1
195,100.0,98.9,97.27,95.47,93.76,92.76,84.89,77.05,70.11,61.34,55.95,51.58,46.99,42.57,38.19,32.44,26.21,19.64,11.8,4.47,2.49,0.78,0.1,0.1
196,100.0,98.61,96.84,95.16,93.8,91.91,83.99,76.21,69.62,62.19,57.05,52.42,46.65,41.19,35.6,29.81,21.22,14.85,7.02,0.1,0.1,0.1,0.1,0.1
197,100.0,98.15,96.48,94.76,93.25,91.71,85.01,77.71,69.86,63.07,57.6,53.15,47.91,43.53,37.58,33.22,25.12,16.92,10.1,2.94,1.91,0.1,0.1,0.1
198,100.0,98.84,97.68,96.36,94.57,92.9,85.31,79.2,71.78,64.54,60.04,55.5,49.89,44.03,39.26,34.46,28.01,21.35,13.15,4.81,3.05,1.15,0.1,0.1
199,100.0,98.03,96.61,94.91,93.41,91.49,83.67,75.36,66.51,59.07,54.12,50.09,44.32,39.86,34.81,30.53,24.48,16.3,7.3,0.1,0.1,0.1,0.1,0.1
200,100.0,98.62,97.62,95.84,93.99,92.15,84.76,76.15,67.87,60.77,55.93,50.05,45.39,41.17,37.05,32.0,24.66,15.83,7.34,0.1,0.1,0.1,0.1,0.1
201,100.0,98.46,96.66,95.25,93.83,92.29,84.88,77.98,69.26,62.04,56.26,50.95,46.12,42.1,37.15,32.57,26.08,19.69,11.55,3.03,1.23,0.1,0.1,0.1
202,100.0,98.3,96.42,95.11,93.81,92.38,83.66,74.95,66.25,59.29,54.01,49.23,45.2,40.7,35.94,30.87,21.97,14.47,7.25,0.1,0.1,0.1,0.1,0.1
203,100.0,98.22,96.34,94.88,93.06,91.15,84.91,78.51,70.17,63.09,58.34,53.01,47.75,43.13,37.79,33.24,24.77,16.3,7.76,0.62,0.1,0.1,0.1,0.1
204,100.0,98.07,96.67,95.6,94.32,92.89,86.84,79.76,72.17,65.41,61.38,56.19,51.77,46.8,41.96,36.24,27.56,19.0,12.08,4.59,3.49,1.65,0.1,0.1
205,100.0,98.11,96.96,95.81,94.11,92.93,86.77,78.78,72.12,65.73,61.6,55.87,50.34,44.59,39.81,34.76,26.14,18.59,11.29,4.7,3.59,1.75,0.47,0.1
206,100.0,98.54,97.35,95.56,94.42,93.17,84.73,78.55,69.67,61.1,56.66,51.85,46.51,41.53,37.21,31.84,23.72,15.74,7.02,0.83,0.1,0.1,0.1,0.1
207,100.0,98.37,97.23,95.46,93.58,92.58,84.12,76.91,69.78,63.45,58.36,53.93,49.55,45.08,40.23,35.46,26.53,19.15,11.29,4.69,3.58,2.41,0.46,0.1
208,100.0,98.63,97.01,95.7,94.2,92.52,83.93,75.54,67.89,58.95,53.41,47.66,41.84,35.86,31.55,26.68,18.37,10.03,1.37,0.1,0.1,0.1,0.1,0.1
209,100.0,98.49,97.45,95.73,94.62,92.77,86.64,79.89,73.07,66.01,61.4,56.79,52.14,47.87,42.58,38.45,31.15,22.82,15.05,8.89,7.87,5.98,4.04,2.1
210,100.0,98.73,97.64,95.74,94.02,92.3,83.42,75.06,66.4,57.86,52.04,46.68,41.39,36.79,30.96,25.39,17.02,9.37,0.57,0.1,0.1,0.1,0.1,0.1
211,100.0,98.47,97.43,95.49,93.74,92.59,85.52,77.32,69.86,63.38,57.73,53.65,48.06,43.98,38.37,32.42,24.07,17.22,10.07,2.38,0.45,0.1,0.1,0.1
212,100.0,98.53,96.85,94.97,93.56,92.33,86.32,78.59,71.36,63.11,58.31,53.19,48.5,42.69,37.65,31.85,24.41,18.4,10.79,4.17,2.28,0.36,0.1,0.1
213,100.0,98.58,96.78,95.3,93.4,92.2,83.67,77.05,69.99,62.15,57.58,52.82,48.05,42.17,37.43,32.26,24.92,16.3,9.3,0.43,0.1,0.1,0.1,0.1
214,100.0,98.41,96.98,95.13,93.82,91.89,84.5,78.17,69.69,63.24,57.75,53.11,48.79,43.55,39.09,33.23,26.05,18.54,9.69,2.68,0.92,0.1,0.1,0.1
215,100.0,98.85,97.85,96.03,94.29,92.71,86.53,80.42,72.75,65.0,59.55,54.26,49.11,44.96,39.21,33.64,25.97,18.55,9.91,2.56,0.75,0.1,0.1,0.1
216,100.0,98.26,97.03,95.82,94.16,92.84,86.5,79.39,70.42,61.84,56.45,51.72,47.19,41.3,36.72,31.56,22.57,14.21,6.62,0.1,0.1,0.1,0.1,0.1
217,100.0,98.72,97.11,95.17,93.9,92.5,83.97,75.26,68.98,60.53,55.3,50.55,44.98,39.43,34.49,29.61,21.83,13.67,6.23,0.1,0.1,0.1,0.1,0.1
218,100.0,98.12,96.33,95.0,93.55,91.83,84.36,77.11,69.31,60.81,54.84,49.2,44.7,38.77,34.42,28.67,21.26,14.74,7.43,0.1,0.1,0.1,0.1,0.1
219,100.0,98.83,97.23,95.45,94.12,92.28,86.22,79.03,72.98,65.54,60.86,55.19,50.89,46.8,40.87,36.74,30.23,21.6,13.3,5.46,4.08,3.04,1.74,0.36
220,100.0,98.15,96.99,95.14,93.84,92.56,83.58,76.25,67.57,59.48,54.6,50.49,44.97,40.25,35.85,31.68,24.83,17.84,9.16,1.59,0.51,0.1,0.1,0.1
221,100.0,98.91,97.46,96.42,95.05,93.68,85.25,78.56,72.35,64.51,58.53,53.65,48.67,42.88,38.63,34.16,25.75,19.15,10.74,4.24,2.25,0.97,0.1,0.1
222,100.0,98.04,96.25,94.67,92.71,91.52,82.6,75.37,67.73,59.09,54.24,49.18,45.1,39.98,35.36,30.49,23.69,16.65,8.82,1.74,0.25,0.1,0.1,0.1
223,100.0,98.96,97.94,96.9,95.3,94.02,85.19,79.14,72.71,63.97,59.79,55.73,51.7,46.14,41.16,35.21,29.07,22.99,14.61,6.41,4.67,2.8,1.8,0.1
224,100.0,98.25,97.0,95.52,93.67,91.88,83.39,75.61,69.21,61.3,56.0,51.58,46.8,41.01,36.15,31.33,22.81,16.09,8.23,1.99,0.45,0.1,0.1,0.1
225,100.0,98.75,97.12,95.89,94.66,93.0,86.9,78.77,71.54,65.41,60.19,54.29,49.56,45.26,39.48,34.98,27.87,19.51,11.25,2.4,1.09,0.1,0.1,0.1
226,100.0,98.19,96.47,95.06,93.52,91.94,83.59,75.93,68.26,62.03,57.34,51.84,46.82,41.77,37.19,31.98,24.15,17.88,11.66,4.61,2.65,0.87,0.1,0.1
227,100.0,98.16,96.33,94.42,92.5,91.21,83.01,75.02,67.79,60.73,55.86,49.9,45.45,41.02,36.86,31.4,24.27,15.72,6.81,0.1,0.1,0.1,0.1,0.1
228,100.0,98.75,96.85,95.13,93.73,92.29,85.2,76.58,67.89,59.49,53.99,49.69,44.54,40.03,34.56,30.06,22.88,15.44,6.57,0.1,0.1,0.1,0.1,0.1
229,100.0,98.12,96.5,95.43,93.86,92.12,85.04,79.01,70.24,64.08,58.36,54.31,50.06,44.42,40.2,35.2,27.88,20.91,14.49,7.71,6.11,4.76,3.66,2.33
230,100.0,98.25,96.51,95.18,93.6,92.05,84.16,75.19,69.08,62.18,57.76,52.55,47.65,43.28,38.91,33.97,25.47,18.61,10.92,3.91,2.68,1.6,0.45,0.1
231,100.0,98.56,97.06,95.71,94.05,92.67,83.83,76.64,68.64,60.59,54.83,49.84,43.88,38.46,34.05,29.4,21.39,13.58,6.79,0.1,0.1,0.1,0.1,0.1
232,100.0,98.84,97.76,96.11,95.11,93.2,86.54,78.59,70.86,62.43,57.7,53.63,48.32,42.96,37.67,33.24,24.41,17.64,10.91,2.97,1.22,0.1,0.1,0.1
233,100.0,98.27,97.26,96.26,94.96,93.54,86.26,79.4,71.76,62.79,57.81,53.61,48.34,43.05,37.19,32.37,25.54,19.33,11.57,3.28,1.9,0.79,0.1,0.1
234,100.0,98.15,96.48,95.1,93.72,92.57,85.27,78.47,71.98,64.31,58.97,53.56,49.0,44.98,40.81,35.37,26.74,18.19,10.68,4.59,2.91,1.43,0.25,0.1
235,100.0,98.64,97.52,95.66,94.24,92.4,84.98,78.29,70.19,61.48,55.53,50.42,45.26,39.37,34.69,29.9,22.19,15.97,9.37,1.33,0.1,0.1,0.1,0.1
236,100.0,98.77,97.03,95.64,94.48,93.44,86.7,78.33,72.03,65.85,60.68,55.49,50.15,45.92,40.97,36.89,29.89,23.67,14.76,7.06,5.27,4.25,2.9,1.08
237,100.0,98.82,97.54,95.62,93.7,92.36,86.03,78.38,70.35,63.49,58.72,53.79,47.96,42.06,36.51,32.15,24.4,17.31,9.97,2.12,0.44,0.1,0.1,0.1
238,100.0,98.55,96.78,94.94,93.06,91.19,85.1,78.14,69.24,60.6,55.0,49.92,44.14,38.37,33.55,29.35,20.85,14.36,5.81,0.1,0.1,0.1,0.1,0.1
239,100.0,98.88,97.76,96.35,94.87,93.14,86.5,78.46,72.45,64.28,59.95,54.13,49.72,45.52,40.42,35.9,28.52,20.18,12.92,4.35,2.83,1.18,0.1,0.1
240,100.0,98.87,97.32,95.35,94.32,92.54,86.37,79.3,72.95,64.08,60.02,54.02,49.99,45.54,41.49,37.31,31.15,24.05,15.66,9.56,8.35,7.33,5.4,3.67
241,100.0,98.7,97.48,95.49,93.64,91.9,82.9,75.79,67.19,59.86,55.09,49.55,44.36,39.75,35.56,30.06,21.59,14.16,7.06,0.87,0.1,0.1,0.1,0.1
242,100.0,98.24,97.2,95.35,93.57,92.1,84.4,77.75,68.78,60.08,54.36,48.58,43.42,38.23,33.46,28.7,20.46,12.58,4.5,0.1,0.1,0.1,0.1,0.1
243,100.0,98.28,97.18,95.27,94.19,93.02,86.69,80.52,74.27,66.91,62.1,56.48,52.19,47.43,42.96,37.08,28.22,21.04,13.13,6.86,5.1,3.72,1.99,0.77
244,100.0,98.62,97.49,96.24,94.68,93.23,86.86,80.58,74.48,66.31,61.08,55.86,49.97,45.42,40.55,36.52,29.39,20.71,12.92,4.34,2.6,0.61,0.1,0.1
245,100.0,98.58,96.63,95.61,93.73,92.48,85.97,78.17,69.76,62.83,58.38,53.61,49.03,44.18,38.39,32.69,26.19,17.19,9.22,1.52,0.1,0.1,0.1,0.1
246,100.0,98.32,96.74,95.17,93.82,92.58,83.64,75.46,66.54,59.62,54.26,49.23,44.68,39.96,34.75,30.24,24.15,16.11,7.87,1.42,0.1,0.1,0.1,0.1
247,100.0,98.2,96.79,95.66,94.15,92.63,84.28,75.73,68.78,60.11,55.63,50.07,44.1,39.66,35.62,30.78,23.71,17.27,10.79,3.12,1.22,0.1,0.1,0.1
248,100.0,98.3,96.71,95.1,93.57,91.92,83.02,74.53,66.28,57.37,52.03,47.82,42.65,38.21,32.27,26.81,20.41,11.97,5.6,0.1,0.1,0.1,0.1,0.1
249,100.0,98.49,96.67,95.36,94.25,92.91,84.01,77.63,70.5,64.14,58.98,53.95,48.37,44.36,39.07,34.4,27.72,20.97,13.27,6.71,4.93,3.08,1.11,0.1
250,100.0,98.65,97.31,95.42,93.94,92.32,84.37,76.01,68.69,60.15,55.88,51.56,45.89,41.25,35.67,30.31,23.83,14.9,8.48,2.21,0.32,0.1,0.1,0.1
251,100.0,98.48,97.4,95.94,94.31,92.91,85.76,78.64,72.41,65.03,60.21,54.78,49.35,43.53,38.8,33.33,25.54,19.35,11.82,4.19,2.29,0.5,0.1,0.1
252,100.0,98.25,96.4,95.13,93.71,92.42,84.58,75.72,66.82,60.38,55.1,49.49,43.57,38.14,32.91,28.63,22.52,13.9,6.34,0.1,0.1,0.1,0.1,0.1
253,100.0,98.27,97.01,95.28,94.15,93.05,86.78,79.25,71.42,63.14,58.1,53.02,48.36,42.41,36.47,32.38,26.23,20.07,12.42,3.85,1.97,0.49,0.1,0.1
254,100.0,98.04,96.91,95.8,94.37,92.62,86.2,78.5,72.49,64.91,59.67,54.05,48.77,44.08,39.22,34.71,27.75,19.68,12.36,3.57,2.04,0.18,0.1,0.1
255,100.0,98.58,97.29,95.86,94.22,93.17,87.06,79.1,71.71,63.67,59.29,54.08,49.68,45.06,40.23,35.16,26.34,20.25,13.52,5.43,4.39,2.44,1.39,0.1
256,100.0,98.46,96.85,95.61,94.22,93.13,85.12,76.84,70.71,62.37,57.26,52.13,46.92,41.58,36.93,31.06,22.65,14.08,5.89,0.1,0.1,0.1,0.1,0.1
257,100.0,98.68,97.17,95.79,93.85,92.38,86.02,78.08,71.05,64.08,59.13,53.79,48.45,44.04,40.0,34.77,27.62,18.89,12.53,6.1,4.56,3.19,2.19,0.36
258,100.0,98.81,97.26,95.64,94.44,92.54,84.51,77.86,69.41,60.71,56.16,51.4,47.29,42.35,38.05,33.5,27.18,21.03,14.38,7.83,6.22,5.22,4.09,2.17
259,100.0,98.06,96.32,95.13,93.65,91.72,84.02,76.65,69.43,63.35,58.41,52.6,46.74,41.89,37.82,33.21,25.61,19.03,12.07,5.37,3.58,2.45,0.97,0.1
260,100.0,98.99,97.12,95.43,94.05,92.19,85.79,78.81,72.51,65.15,60.59,55.22,50.47,46.17,41.11,36.95,29.78,22.74,15.84,9.25,7.33,6.29,4.77,3.3
261,100.0,98.22,96.28,95.09,93.65,91.83,84.6,76.77,70.24,64.22,59.07,54.54,48.84,43.26,38.62,33.74,25.64,18.31,11.39,4.27,2.49,0.54,0.1,0.1
262,100.0,98.12,96.78,95.61,93.98,92.11,85.85,76.89,69.59,61.58,57.28,53.26,47.48,42.41,37.81,32.36,23.56,16.35,8.22,0.9,0.1,0.1,0.1,0.1
263,100.0,98.84,97.33,95.83,94.71,93.31,85.26,76.31,68.74,62.7,58.33,53.56,47.76,42.06,36.4,31.08,24.41,16.75,9.15,0.32,0.1,0.1,0.1,0.1
264,100.0,98.94,97.03,95.45,94.21,92.66,84.17,75.77,68.79,60.57,55.45,50.59,44.84,39.06,34.62,30.46,23.07,16.71,10.7,2.76,1.65,0.1,0.1,0.1
265,100.0,98.76,96.95,95.03,93.26,91.34,84.24,77.97,69.6,63.24,59.02,53.24,47.31,41.79,36.48,31.23,23.33,14.62,7.6,0.1,0.1,0.1,0.1,0.1
266,100.0,98.04,96.35,94.73,93.37,91.37,83.49,74.97,66.45,59.5,54.01,49.65,44.66,39.48,35.05,29.16,21.81,14.49,5.81,0.1,0.1,0.1,0.1,0.1
267,100.0,98.82,97.71,95.93,94.03,92.09,84.75,77.55,70.99,62.26,57.17,52.88,47.66,42.16,38.03,32.3,25.99,17.0,10.39,1.99,0.97,0.1,0.1,0.1
268,100.0,98.76,96.88,95.78,94.49,92.58,83.66,77.41,69.7,63.43,58.77,54.62,48.7,42.81,38.01,33.98,27.9,21.34,13.54,6.75,5.14,3.89,2.38,1.27
269,100.0,98.34,96.9,95.57,94.25,92.8,84.35,76.06,69.18,62.24,56.3,51.26,46.53,42.22,36.93,31.2,23.19,15.03,7.65,1.02,0.1,0.1,0.1,0.1
270,100.0,98.83,97.71,96.18,94.67,93.59,86.7,80.61,72.07,63.37,59.33,54.42,48.43,42.51,37.86,32.21,24.24,15.69,8.32,0.39,0.1,0.1,0.1,0.1
271,100.0,98.79,96.93,94.98,93.82,92.15,84.48,76.5,68.01,61.82,55.91,51.38,47.14,41.56,35.74,30.75,22.24,15.31,7.08,0.27,0.1,0.1,0.1,0.1
272,100.0,98.69,97.54,96.13,94.19,92.54,85.95,78.26,71.09,63.92,58.32,53.95,48.23,42.95,38.8,34.76,26.08,18.77,11.0,4.61,2.74,0.93,0.1,0.1
273,100.0,98.2,96.45,94.82,93.18,91.73,84.1,76.26,69.73,63.47,58.8,53.33,49.13,44.46,40.13,35.11,28.0,20.46,12.95,4.32,3.18,1.87,0.58,0.1
274,100.0,98.0,96.7,95.59,94.05,92.27,84.37,77.78,71.49,64.33,58.95,53.0,47.2,43.19,37.2,33.04,24.04,16.01,10.01,2.42,1.4,0.1,0.1,0.1
275,100.0,98.11,96.98,95.06,93.59,92.41,84.46,78.03,71.61,63.93,59.31,53.39,47.5,41.68,36.56,31.74,22.8,16.33,9.88,1.91,0.18,0.1,0.1,0.1
276,100.0,98.52,96.52,95.49,94.22,92.26,83.42,76.12,68.67,62.05,57.93,53.21,48.69,43.53,39.36,34.85,27.15,19.15,12.47,4.59,2.69,1.09,0.1,0.1
277,100.0,98.67,96.7,95.04,93.72,91.82,84.71,76.12,67.74,59.93,54.54,49.86,44.42,40.38,34.49,29.82,21.78,13.21,5.5,0.1,0.1,0.1,0.1,0.1
278,100.0,98.78,97.52,95.77,94.7,93.22,85.83,77.74,69.19,61.61,55.81,51.11,45.89,41.1,35.5,30.28,21.5,14.36,7.9,0.1,0.1,0.1,0.1,0.1
279,100.0,98.09,96.64,95.16,93.8,92.77,84.1,76.67,70.12,62.17,57.49,51.78,46.01,41.64,37.28,32.41,24.28,15.94,9.66,2.93,1.83,0.19,0.1,0.1
280,100.0,98.68,96.71,94.88,93.32,91.64,85.08,76.55,68.21,60.25,55.4,49.64,45.16,39.19,34.17,29.66,22.97,14.81,6.51,0.1,0.1,0.1,0.1,0.1
281,100.0,98.57,97.02,95.65,93.88,92.06,84.13,77.44,68.7,60.26,55.64,50.21,46.03,41.04,36.35,30.35,21.41,12.57,4.43,0.1,0.1,0.1,0.1,0.1
282,100.0,98.81,97.64,96.54,95.5,93.78,87.55,80.55,71.78,63.37,57.61,52.59,46.6,40.6,35.76,31.08,24.16,15.7,8.43,0.1,0.1,0.1,0.1,0.1
283,100.0,98.9,97.6,96.5,95.24,93.6,85.03,77.99,71.5,65.24,59.67,55.65,51.18,46.39,40.49,36.06,28.37,20.46,12.8,6.57,5.04,3.63,2.38,1.06
284,100.0,98.51,96.89,95.24,93.67,92.01,84.18,78.1,71.09,64.8,59.57,54.5,50.37,45.85,41.01,36.04,27.82,21.22,13.49,4.74,3.14,1.62,0.59,0.1
285,100.0,98.12,96.35,94.71,93.71,92.35,85.5,77.34,70.71,62.41,56.43,50.89,45.58,41.13,36.42,30.49,23.64,17.43,10.08,1.49,0.16,0.1,0.1,0.1
286,100.0,98.32,96.42,95.24,94.22,92.99,85.24,79.21,70.97,62.25,56.49,50.68,45.83,40.68,36.58,31.8,25.64,19.55,11.56,4.16,2.83,1.71,0.25,0.1
287,100.0,98.63,97.13,96.08,94.74,93.46,84.73,78.45,72.33,64.61,58.97,54.68,49.62,44.29,39.84,34.91,28.54,22.07,13.17,5.59,4.24,3.01,1.49,0.1
288,100.0,98.78,97.25,96.11,94.65,92.96,86.71,78.41,69.71,62.49,57.6,51.96,46.0,41.37,35.81,30.98,24.8,18.19,11.63,3.36,1.78,0.1,0.1,0.1
289,100.0,98.36,97.22,95.42,93.69,92.15,85.72,77.24,68.58,59.6,54.43,48.9,44.52,39.48,33.97,28.94,21.82,13.08,6.27,0.1,0.1,0.1,0.1,0.1
290,100.0,98.47,96.85,95.25,93.52,91.98,83.53,74.57,68.36,59.89,54.06,49.59,45.57,40.14,35.86,30.12,23.89,16.06,9.12,0.34,0.1,0.1,0.1,0.1
291,100.0,98.19,96.48,95.22,93.85,92.2,84.71,76.12,68.95,62.4,58.32,52.56,48.13,42.41,37.94,32.68,23.88,16.88,10.51,2.99,1.51,0.1,0.1,0.1
292,100.0,98.93,97.67,96.03,94.97,93.94,85.29,76.5,70.15,63.02,57.96,52.78,47.05,41.86,37.46,31.63,25.06,18.75,12.43,5.08,3.79,1.82,0.4,0.1
293,100.0,98.81,97.74,96.06,94.41,93.31,86.42,77.94,71.94,65.24,60.57,56.06,52.05,47.68,43.28,38.58,30.12,23.13,14.66,5.84,4.48,2.64,1.45,0.1
294,100.0,98.85,97.48,95.87,94.49,93.36,84.55,78.23,70.2,63.92,58.6,53.63,49.01,43.64,38.46,32.54,23.88,15.27,6.98,0.1,0.1,0.1,0.1,0.1
295,100.0,98.09,96.46,94.81,93.08,91.9,83.41,75.68,68.27,60.12,54.94,50.81,46.75,41.3,36.78,31.32,23.35,14.83,7.06,0.71,0.1,0.1,0.1,0.1
296,100.0,98.53,96.88,95.29,93.58,91.91,83.3,75.1,67.82,61.7,57.48,52.91,48.21,42.88,38.84,33.21,26.97,19.61,12.51,4.52,3.47,1.68,0.51,0.1
297,100.0,98.28,96.8,94.98,93.05,91.36,84.22,77.63,70.79,63.53,58.49,54.24,49.05,43.58,39.53,33.94,27.59,19.59,11.81,5.62,4.0,2.91,1.02,0.1
298,100.0,98.1,96.27,94.49,92.67,90.73,81.86,72.94,64.21,58.18,53.5,48.61,43.16,38.56,34.5,29.29,23.28,14.6,7.37,0.1,0.1,0.1,0.1,0.1
299,100.0,98.71,97.26,95.66,94.35,92.59,85.0,78.3,71.22,63.06,57.84,52.6,46.98,42.63,36.96,32.05,25.89,17.11,8.42,0.1,0.1,0.1,0.1,0.1
300,100.0,98.71,96.91,95.2,94.14,92.75,85.23,77.99,71.07,62.36,56.55,51.04,45.85,40.84,36.54,32.1,24.53,15.98,9.83,3.81,2.56,1.14,0.1,0.1
301,100.0,98.84,97.29,95.76,94.19,92.85,86.51,79.69,70.97,62.0,57.52,51.71,46.35,41.02,35.43,29.8,22.34,14.29,5.42,0.1,0.1,0.1,0.1,0.1
302,100.0,98.96,97.78,96.46,95.17,93.88,86.26,77.33,70.7,63.19,58.91,53.02,48.36,43.55,38.25,32.89,24.63,16.29,9.13,2.17,0.96,0.1,0.1,0.1
303,100.0,98.16,96.28,95.18,93.57,91.69,84.68,77.77,69.34,61.57,57.07,51.1,45.67,41.49,37.41,32.77,25.33,19.0,12.36,4.5,3.42,1.81,0.74,0.1
304,100.0,98.32,96.77,95.46,93.57,92.09,84.08,75.22,68.78,61.69,56.42,51.0,45.02,40.84,36.81,32.1,25.31,19.19,10.51,1.81,0.45,0.1,0.1,0.1
305,100.0,98.35,96.36,95.29,94.09,92.78,86.07,77.39,69.97,61.29,57.02,52.45,47.55,42.71,37.69,32.62,24.4,16.83,8.7,1.25,0.1,0.1,0.1,0.1
306,100.0,98.76,97.62,95.84,94.29,93.12,86.96,79.38,72.13,65.02,59.42,53.87,47.97,42.42,38.13,33.59,25.9,17.49,10.47,1.73,0.1,0.1,0.1,0.1
307,100.0,98.06,96.4,95.29,93.97,92.51,84.99,77.99,69.98,61.58,57.08,51.55,47.25,42.2,37.32,33.16,24.28,16.45,8.15,1.85,0.8,0.1,0.1,0.1
308,100.0,98.65,97.53,95.84,94.19,92.23,85.24,77.28,70.53,63.29,57.58,53.32,48.49,43.29,38.76,33.1,24.29,15.31,8.06,0.44,0.1,0.1,0.1,0.1
309,100.0,98.79,97.07,95.11,93.49,91.56,83.76,75.26,69.24,60.92,55.81,51.13,46.29,41.95,37.15,32.5,24.6,15.93,8.31,1.72,0.67,0.1,0.1,0.1
310,100.0,98.61,96.65,95.57,94.22,92.4,84.29,76.08,68.85,59.99,55.33,49.85,45.09,40.54,34.93,30.14,22.83,15.26,7.34,0.1,0.1,0.1,0.1,0.1
311,100.0,98.16,96.55,95.21,93.57,91.71,83.77,75.34,68.61,60.31,56.27,51.53,46.14,40.2,36.15,31.65,23.75,15.3,7.4,0.1,0.1,0.1,0.1,0.1
312,100.0,98.33,97.22,95.45,93.67,92.59,84.5,77.84,71.43,64.03,59.06,54.69,48.8,43.48,37.93,32.79,24.8,17.16,10.37,3.74,2.16,1.15,0.1,0.1
313,100.0,98.43,96.92,94.96,92.99,91.13,83.31,74.74,68.0,61.85,56.79,50.92,45.26,40.99,36.36,31.53,23.25,15.97,9.91,1.09,0.1,0.1,0.1,0.1
314,100.0,98.0,96.1,94.38,93.07,92.01,84.43,78.41,71.53,64.15,58.38,52.6,47.78,42.86,37.74,32.29,26.13,19.67,11.13,4.64,2.97,1.56,0.22,0.1
315,100.0,98.93,97.69,95.7,93.85,92.59,83.95,76.81,68.68,60.74,56.03,50.64,45.83,40.1,35.57,31.42,25.29,17.63,10.22,1.44,0.1,0.1,0.1,0.1
316,100.0,98.46,96.97,95.4,93.69,92.48,83.65,75.47,67.21,61.16,55.71,51.6,46.68,41.06,36.18,31.89,25.82,17.63,10.21,4.15,2.95,1.38,0.1,0.1
317,100.0,98.23,97.05,95.77,93.91,92.28,84.28,77.6,71.08,65.01,60.67,54.76,49.88,44.33,38.83,33.22,26.0,18.15,11.56,2.75,1.37,0.27,0.1,0.1
318,100.0,98.07,96.38,95.2,93.71,92.33,84.08,75.7,67.33,59.71,54.52,49.67,44.43,39.65,33.77,29.05,21.91,15.23,7.81,0.38,0.1,0.1,0.1,0.1
319,100.0,98.1,96.68,95.62,94.42,93.09,85.62,79.59,71.8,63.61,58.7,53.51,48.31,44.28,38.82,34.54,27.79,19.4,11.25,2.62,0.83,0.1,0.1,0.1
320,100.0,98.44,97.04,95.66,94.57,93.41,86.15,78.28,70.37,62.88,58.41,52.74,47.96,43.83,37.95,32.85,25.43,18.27,11.39,3.73,2.25,0.99,0.1,0.1
321,100.0,98.48,97.17,95.5,94.13,92.44,84.38,76.6,70.42,63.96,59.24,53.58,49.0,44.68,38.86,34.8,27.28,19.31,11.98,4.99,3.62,2.22,0.57,0.1
322,100.0,98.78,97.48,96.42,95.37,93.94,85.87,79.27,72.39,65.19,59.59,55.25,49.6,44.36,39.65,34.4,26.78,18.8,12.14,3.83,2.16,0.36,0.1,0.1
323,100.0,98.08,97.02,95.93,94.75,93.19,86.2,77.54,70.16,62.06,56.98,52.74,47.4,42.28,36.36,31.22,25.19,16.86,8.95,0.15,0.1,0.1,0.1,0.1
324,100.0,98.54,97.18,95.92,94.57,93.04,86.48,80.08,72.97,65.17,60.84,56.22,50.91,46.0,41.11,36.11,29.84,22.47,14.29,7.61,6.06,4.51,2.65,0.84
325,100.0,98.77,96.87,95.34,93.94,92.85,85.71,77.76,69.16,60.71,55.52,50.63,44.97,40.82,36.48,31.16,23.3,16.69,9.6,2.01,0.1,0.1,0.1,0.1
326,100.0,98.85,97.44,95.61,93.8,92.61,84.65,77.74,71.35,62.84,58.55,52.56,47.75,43.11,38.77,33.78,25.36,18.21,10.35,3.98,2.56,0.83,0.1,0.1
327,100.0,98.27,96.79,95.13,93.6,92.47,85.72,78.14,69.27,62.47,57.57,52.51,46.75,42.2,36.94,32.91,24.93,17.69,9.92,2.01,0.75,0.1,0.1,0.1
328,100.0,98.42,96.6,94.86,93.78,92.77,86.59,78.55,71.97,63.89,58.43,52.72,46.85,42.28,37.63,33.42,26.89,17.91,9.45,1.76,0.58,0.1,0.1,0.1
329,100.0,98.4,97.01,95.6,94.52,92.65,84.4,75.75,68.09,59.57,54.6,49.32,44.17,39.25,34.47,30.06,21.12,13.55,7.46,0.97,0.1,0.1,0.1,0.1
330,100.0,98.6,96.78,95.14,93.19,92.16,85.56,78.04,69.23,61.4,57.05,51.42,45.51,41.15,36.73,31.24,25.14,16.78,10.55,3.46,1.93,0.68,0.1,0.1
331,100.0,98.05,97.0,95.47,93.91,92.27,85.41,79.03,72.16,63.36,58.8,53.38,48.34,43.41,37.76,32.5,26.45,18.64,11.46,5.06,3.99,2.73,0.99,0.1
332,100.0,98.09,96.25,94.62,92.95,91.34,84.69,77.91,71.16,64.86,60.84,55.83,49.84,43.98,38.5,32.51,25.2,16.94,10.12,2.62,0.67,0.1,0.1,0.1
333,100.0,98.56,96.65,95.0,93.56,91.68,83.02,75.45,69.16,61.67,56.93,52.51,46.89,41.58,37.19,32.35,25.65,18.39,10.04,3.72,1.9,0.25,0.1,0.1
334,100.0,98.05,97.03,95.95,94.56,93.18,85.8,76.85,68.07,60.24,54.71,50.42,44.98,40.51,35.52,30.79,22.56,16.25,8.31,1.66,0.1,0.1,0.1,0.1
335,100.0,98.23,96.23,94.97,92.97,91.78,83.88,75.52,69.16,61.59,55.71,51.13,45.24,39.33,33.49,28.04,20.5,12.45,3.88,0.1,0.1,0.1,0.1,0.1
336,100.0,98.82,97.02,95.03,93.42,91.96,84.78,76.07,67.79,60.37,55.49,50.95,46.22,40.34,36.26,31.82,25.64,19.51,11.82,4.99,3.28,2.17,0.43,0.1
337,100.0,98.42,96.54,94.57,93.42,91.68,85.53,77.67,69.58,61.3,55.6,49.78,45.18,40.6,35.88,30.77,21.92,14.38,5.78,0.1,0.1,0.1,0.1,0.1
338,100.0,98.17,97.15,95.96,94.51,93.35,84.35,77.79,69.95,63.25,58.54,52.85,47.3,41.31,35.93,30.54,24.23,17.39,9.09,1.85,0.51,0.1,0.1,0.1
339,100.0,98.24,97.11,95.39,93.57,91.73,84.29,76.34,68.88,61.95,56.49,51.1,45.83,41.17,35.92,31.86,24.64,16.92,10.1,3.96,2.38,0.46,0.1,0.1
340,100.0,98.6,97.43,96.05,94.87,92.88,84.75,76.94,70.38,63.39,58.06,53.93,49.81,45.08,40.81,36.4,29.56,22.67,13.91,7.02,5.99,4.75,3.58,2.28
341,100.0,98.81,97.32,96.16,94.45,92.85,85.46,76.83,70.11,62.99,57.85,53.16,48.28,44.13,39.43,34.18,25.64,19.2,12.6,5.53,4.16,2.66,0.86,0.1
342,100.0,98.04,96.49,95.38,93.57,91.58,83.07,74.96,68.71,60.56,54.85,49.41,44.8,39.78,34.45,29.97,21.8,15.28,8.12,1.34,0.1,0.1,0.1,0.1
343,100.0,98.96,97.57,96.53,95.3,94.29,86.72,79.29,71.93,63.75,58.57,53.32,49.26,45.25,39.38,34.3,27.23,19.46,13.18,6.18,4.61,2.66,1.26,0.1
344,100.0,98.29,96.31,95.08,94.05,92.8,85.36,77.79,70.36,62.4,57.44,52.08,46.36,40.76,35.43,29.65,21.0,12.55,5.64,0.1,0.1,0.1,0.1,0.1
345,100.0,98.75,97.11,95.41,93.64,92.16,85.1,76.34,69.96,61.7,56.88,52.45,48.18,43.65,38.15,32.62,25.44,17.97,10.1,1.65,0.1,0.1,0.1,0.1
346,100.0,98.39,96.93,95.83,94.23,92.71,84.81,76.33,69.06,61.37,56.3,50.78,45.09,40.61,34.74,30.7,22.64,14.84,8.15,1.71,0.4,0.1,0.1,0.1
347,100.0,98.32,97.0,95.97,94.48,92.83,84.53,77.94,70.24,61.43,56.78,52.01,46.5,41.77,37.69,33.15,24.33,15.46,7.8,1.21,0.1,0.1,0.1,0.1
348,100.0,98.2,96.56,95.2,94.17,92.54,86.09,80.03,71.32,64.21,59.59,54.03,49.25,45.02,40.88,35.04,26.3,18.64,10.22,3.02,2.0,0.37,0.1,0.1
349,100.0,98.87,97.0,95.24,93.29,91.59,85.14,77.89,69.44,62.31,57.15,51.3,45.81,40.48,35.19,30.4,21.63,13.71,6.35,0.1,0.1,0.1,0.1,0.1
350,100.0,98.0,96.66,95.31,93.37,91.89,83.47,76.56,70.36,62.66,58.43,52.72,48.41,42.59,37.71,32.4,25.25,17.17,10.16,2.42,0.73,0.1,0.1,0.1
351,100.0,98.14,97.04,95.27,94.26,93.18,87.0,80.28,72.5,64.99,59.87,54.33,48.52,43.2,38.34,34.31,25.96,19.02,11.44,5.41,3.7,2.18,0.43,0.1
352,100.0,98.64,97.6,96.22,94.92,93.15,85.77,79.42,71.38,63.25,57.46,52.45,46.98,42.34,36.74,31.65,24.42,16.3,10.12,1.85,0.18,0.1,0.1,0.1
353,100.0,98.57,96.59,95.12,93.31,91.85,84.57,75.89,68.72,60.88,55.1,50.5,45.9,40.31,36.28,31.52,24.66,18.29,10.52,2.85,1.43,0.31,0.1,0.1
354,100.0,98.85,97.64,96.62,94.66,93.04,84.55,76.7,69.55,63.48,57.86,52.63,47.04,42.99,37.44,31.79,25.1,16.17,9.94,3.75,2.06,0.72,0.1,0.1
355,100.0,98.33,96.53,95.31,94.16,92.56,84.98,78.27,71.42,63.34,58.76,54.46,49.79,45.21,39.72,35.5,28.78,21.35,12.71,6.14,5.12,4.06,2.33,1.21
356,100.0,98.65,97.35,96.31,95.03,93.97,87.47,80.13,72.71,66.36,62.32,57.79,53.37,48.97,44.8,39.65,32.09,23.15,15.36,7.63,6.32,4.34,2.95,1.09
357,100.0,98.19,96.39,95.28,93.82,92.58,83.84,76.23,69.03,61.56,56.79,52.33,46.88,42.5,38.33,33.14,24.9,16.1,8.3,0.13,0.1,0.1,0.1,0.1
358,100.0,98.6,97.55,96.12,94.13,92.83,85.48,77.2,70.11,62.85,57.42,52.68,46.97,41.11,37.0,32.64,25.58,19.24,12.9,6.38,4.72,3.35,1.58,0.1
359,100.0,98.57,97.35,95.5,93.75,92.55,85.83,78.11,70.71,62.51,56.78,51.17,45.96,40.36,36.14,31.17,25.11,18.56,12.49,3.87,2.27,0.42,0.1,0.1
360,100.0,98.64,96.99,95.78,94.62,93.53,86.35,78.65,71.68,63.35,58.44,52.85,47.42,42.12,36.75,32.69,25.08,18.53,11.4,2.43,0.47,0.1,0.1,0.1
361,100.0,98.54,97.33,95.39,94.08,92.39,83.86,77.52,71.51,65.41,59.48,54.09,49.56,43.62,38.37,33.36,26.0,17.57,8.85,0.47,0.1,0.1,0.1,0.1
362,100.0,98.26,96.99,95.98,94.38,92.87,86.46,78.76,71.1,62.28,57.64,52.55,46.56,40.72,35.97,30.12,23.25,17.19,10.03,1.96,0.33,0.1,0.1,0.1
363,100.0,98.12,96.73,95.52,94.38,92.79,86.58,79.06,70.08,61.43,57.03,52.85,47.95,43.64,39.21,33.99,27.84,21.52,15.46,8.93,7.63,5.97,4.56,2.89
364,100.0,98.52,97.46,95.79,94.15,92.99,86.18,78.49,71.65,63.26,58.35,52.8,47.68,43.34,37.7,32.22,26.14,17.6,10.65,3.44,2.42,1.12,0.1,0.1
365,100.0,98.81,97.78,96.2,94.77,93.12,86.86,77.86,71.68,65.53,60.76,55.24,49.41,43.7,37.85,32.39,25.15,16.46,10.41,1.67,0.1,0.1,0.1,0.1
